[
  {
    "id": 1,
    "judul": "Goblin Menjadi Dewa Goblin",
    "gambar": "images/cover1.jpg",
    "sinopsis": "Seorang goblin lemah harus berjuang keras untuk menjadi dewa goblin terkuat dan melindungi sukunya dari ancaman manusia.",
    "status": "Ongoing",
    "rating": "4.8",
    "chapters": [
      {
        "judul": "Chapter 1",
        "gambar": [
           "images/cover1/chapter1/001.jpg",
           "images/cover1/chapter1/002.jpg"
          ]
      },
      {
        "judul": "Chapter 2",
        "gambar": ["images/goblin-ch2-p1.jpg", "images/goblin-ch2-p2.jpg"]
      }
    ]
  },
  {
    "id": 2,
    "judul": "After Rebirth, I",
    "gambar": "images/rebirth.jpg",
    "sinopsis": "Setelah terlahir kembali, seorang pahlawan wanita yang kuat kembali ke masa lalu untuk memperbaiki kesalahan dan mencegah tragedi di masa depan.",
    "status": "Complete",
    "rating": "4.5",
    "chapters": [
      {
        "judul": "Chapter 1",
        "gambar": ["images/rebirth-ch1-p1.jpg", "images/rebirth-ch1-p2.jpg"]
      },
      {
        "judul": "Chapter 2",
        "gambar": ["images/rebirth-ch2-p1.jpg", "images/rebirth-ch2-p2.jpg"]
      }
    ]
  }
]